experiment,n_rows,n_anomalies_total,type_violations,completeness_related,drift_related,tfdv_severity_score,delta_empty_text_rate,mean_text_len,mean_token_count,mean_non_ascii_ratio
01_missing_text_data,100000,1,1,0,0,0.09516258196404037,0.0,132.54091,25.35594,0.0022673985465371527
02_broken_chars_data,100000,1,1,0,0,0.09516258196404037,0.0,188.56445,35.8854,0.062689575299362
03_swapped_text_data,100000,1,1,0,0,0.09516258196404037,0.0,188.56446,35.8854,0.0031939791412444675
05_swapped_labels_data,100000,1,1,0,0,0.09516258196404037,0.0,188.56446,35.8854,0.003193979141244466
06_combined_broken_chars_missing_text_data,100000,1,1,0,0,0.09516258196404037,0.0,173.90968,33.13095,0.02524400414987394
07_combined_swap_text_labels_data,100000,1,1,0,0,0.09516258196404037,0.0,188.56446,35.8854,0.0031939791412444675
09_all_corruptions_data,100000,1,1,0,0,0.09516258196404037,0.0,179.27971,34.14421,0.020792049173307264
04_missing_labels_data,100000,2,0,0,0,0.0,0.0,188.56446,35.8854,0.003193979141244466
08_heavy_missing_data,100000,2,0,0,0,0.0,0.0,142.09817,27.14118,0.0023482644684940037
