model,best_level,best_accuracy,best_f1
LogisticRegression,0_Baseline,0.8106907445005573,0.8125498177243976
HistGradientBoosting,0_Baseline,0.8359761904761905,0.8359240247181422
