model,baseline_acc,corrupted_acc,damage,cleaned_no_cleanlab_acc,cleaned_cleanlab_acc,recovery_no_cleanlab,recovery_cleanlab,recovery_pct_no_cleanlab,recovery_pct_cleanlab,cleanlab_advantage
LogisticRegression,0.8106907445005573,0.5680863939891114,0.2426043505114459,0.6864360328224502,0.7980678462389834,0.11834963883333882,0.229981452249872,48.78298290357953,94.7969200737897,0.11163181341653317
HistGradientBoosting,0.8359761904761903,0.7821904761904762,0.053785714285714104,0.6422882220001389,0.7247293770053603,-0.1399022541903373,-0.05746109918511588,-260.1104327576001,-106.83338493912684,0.08244115500522142
