model,accuracy_no_cleanlab,accuracy_cleanlab,accuracy_gain,rows_dropped,gain_per_1000_rows_dropped
LogisticRegression,0.6864360328224502,0.7980678462389834,0.11163181341653317,1881.7142857142858,0.05932452884267629
HistGradientBoosting,0.6422882220001389,0.7247293770053603,0.08244115500522142,2375.285714285714,0.03470788988010766
