cleaning_level,logreg_accuracy,gradboost_accuracy,difference,better_model
0_Baseline,0.8106907445005573,0.8359761904761903,0.02528544597563298,GradientBoosting
1_Corrupted_All,0.5680863939891114,0.7821904761904762,0.2141040822013648,GradientBoosting
2_Cleaned_NoCleanlab,0.6864360328224502,0.6422882220001389,-0.04414781082231134,LogisticRegression
3_Cleaned_Cleanlab,0.7980678462389834,0.7247293770053603,-0.07333846923362308,LogisticRegression
