experiment,best_method,best_accuracy,f1,mae
01_missing_text,2_Heuristic,0.5116380882889456,0.5082354521560402,0.6399124407150675
02_broken_chars,4_ModelAware,0.53285,0.5244585106238776,0.65855
03_swapped_text,4_ModelAware,0.47915,0.4724992765473577,0.81845
04_missing_labels,4_ModelAware,0.5393079910556667,0.5318000628503441,0.6394609862304342
05_swapped_labels,4_ModelAware,0.5054,0.4987303417862159,0.74205
06_combined_broken_chars_missing_text,4_ModelAware,0.5061,0.5031766062940772,0.69965
07_combined_swap_text_labels,4_ModelAware,0.4974,0.4915371428987911,0.76205
08_heavy_missing,2_Heuristic,0.5097787510382844,0.5062356147177446,0.6499282639885222
09_all_corruptions,4_ModelAware,0.491,0.4808370114448884,0.8044
