experiment,acc_modelaware_vs_corrupted,acc_modelaware_vs_heuristic
01_missing_text,0.018899999999999972,-0.07508808828894564
02_broken_chars,0.03015000000000001,0.02717052870714587
03_swapped_text,0.037400000000000044,0.03530353371242895
04_missing_labels,0.02412616217488528,0.02320786560014365
05_swapped_labels,0.03524999999999995,0.03321161185546079
06_combined_broken_chars_missing_text,0.026349999999999985,0.0013672605790645553
07_combined_swap_text_labels,0.03500000000000003,0.034702070645554195
08_heavy_missing,0.018979965591875203,-0.060197753202666515
09_all_corruptions,0.029700000000000004,0.013358379017521294
