experiment,acc_gain,clean_time,eval_time,total_time,gain_per_clean_sec,gain_per_total_sec
01_missing_text,0.018899999999999972,363.8620554400004,77.65850904200124,441.52056448200165,5.194276159723535e-05,4.2806613146487816e-05
02_broken_chars,0.03015000000000001,423.68076330799886,92.19280083900048,515.8735641469993,7.116206967858527e-05,5.844455326927491e-05
03_swapped_text,0.037400000000000044,466.8157311329997,97.70641644900024,564.5221475819999,8.011726577685634e-05,6.625072224392665e-05
04_missing_labels,0.02412616217488528,369.84825940500014,78.63891314400098,448.4871725490011,6.523259623743712e-05,5.379454230042507e-05
05_swapped_labels,0.03524999999999995,441.8684326249986,99.16131786699952,541.0297504919981,7.977487731040438e-05,6.51535335495775e-05
06_combined_broken_chars_missing_text,0.026349999999999985,420.5733455950012,103.24267347200112,523.8160190670023,6.265256768167662e-05,5.0303921684055076e-05
07_combined_swap_text_labels,0.03500000000000003,438.1773452409998,96.4361041430002,534.613449384,7.987633404632056e-05,6.546786288359979e-05
08_heavy_missing,0.018979965591875203,324.75205569900027,67.05856842600042,391.8106241250007,5.84444817478445e-05,4.84416818310163e-05
09_all_corruptions,0.029700000000000004,452.89546548900034,91.43865759799884,544.3341230869992,6.557804673078878e-05,5.45620763797921e-05
