batch,experiment,cleaning_name,n_after,n_issues,issue_rate,avg_weight,cleaning_num,avg_conf_clean,avg_conf_noisy,class_noise_1,class_noise_2,class_noise_3,class_noise_4,class_noise_5
batch2,05_swapped_labels,4_ModelAware,100000,41236,0.41236,0.36148035631884096,4,0.7283256448746793,0.6494074496784706,0.34635,0.4897,0.4855,0.44585,0.2944
batch2,06_combined_broken_chars_missing_text,4_ModelAware,100000,38597,0.38597,0.3893569423049032,4,0.6822449366720224,0.6261464087689357,0.3162,0.47205,0.46075,0.4137,0.26715
batch2,07_combined_swap_text_labels,4_ModelAware,100000,41772,0.41772,0.35239672069421824,4,0.7205908590345486,0.6461373894288912,0.35365,0.4932,0.48495,0.45285,0.30395
batch2,08_heavy_missing,4_ModelAware,90000,32222,0.35802222222222224,0.3556748261542371,4,0.5615559970044702,0.6085961270085689,0.264455451054594,0.4578614257161892,0.42723030774358406,0.39661487236403997,0.24365171973106628
batch2,09_all_corruptions,4_ModelAware,100000,40313,0.40313,0.35653970995537426,4,0.6847382282996722,0.6390427465443437,0.3386,0.4895,0.4702,0.4364,0.28095
