cleaning_name,n_before,n_after,rows_affected_or_removed
0_Corrupted,100000.0,97222.22222222222,2777.777777777778
1_Basic,100000.0,97222.22222222222,2777.777777777778
2_Heuristic,100000.0,88248.11111111111,11751.888888888889
3_Semantic,100000.0,97222.22222222222,2777.777777777778
4_ModelAware,100000.0,97222.22222222222,38366.22222222222
