cleaning_name,pct_affected
0_Corrupted,2.7777777777777777
1_Basic,2.7777777777777777
2_Heuristic,11.751888888888889
3_Semantic,2.7777777777777777
4_ModelAware,38.36622222222222
